surface,canonical,lang
STREET,ST,en
STR,ST,en
ST,ST,en
AVENUE,AVE,en
AVE,AVE,en
AV,AVE,en
ROAD,RD,en
RD,RD,en
DRIVE,DR,en
DR,DR,en
CRESCENT,CRES,en
CRES,CRES,en
COURT,CRT,en
CRT,CRT,en
CT,CRT,en
PLACE,PL,en
PL,PL,en
BOULEVARD,BLVD,en
BLVD,BLVD,en
BLV,BLVD,en
BVD,BLVD,en
WAY,WAY,en
LANE,LANE,en
LN,LANE,en
HIGHWAY,HWY,en
HWY,HWY,en
CIRCLE,CIR,en
CIR,CIR,en
TRAIL,TRAIL,en
TRL,TRAIL,en
LINE,LINE,en
CLOSE,CLOSE,en
TERRACE,TERR,en
TERR,TERR,en
TER,TERR,en
BAY,BAY,en
SQUARE,SQ,en
SQ,SQ,en
PARKWAY,PKY,en
PKY,PKY,en
PKWY,PKY,en
GATE,GATE,en
PRIVATE,PVT,en
PVT,PVT,en
GARDENS,GDNS,en
GDNS,GDNS,en
GDN,GDNS,en
HEIGHTS,HTS,en
HTS,HTS,en
PARK,PK,en
PK,PK,en
GREEN,GREEN,en
SIDEROAD,SIDERD,en
SIDERD,SIDERD,en
MEWS,MEWS,en
GROVE,GROVE,en
COMMON,COMMON,en
COMMONS,COMMON,en
MANOR,MANOR,en
POINT,PT,en
PT,PT,en
COVE,COVE,en
RISE,RISE,en
VIEW,VIEW,en
LANDING,LANDNG,en
LANDNG,LANDNG,en
HILL,HILL,en
LINK,LINK,en
ROUTE,RTE,en
RTE,RTE,both
RIDGE,RIDGE,en
WALK,WALK,en
LOOP,LOOP,en
QUAY,QUAY,en
PATH,PATH,en
ROW,ROW,en
WYND,WYND,en
BEND,BEND,en
RUN,RUN,en
VILLAS,VILLAS,en
FRONTAGE,FRRTE,en
FRRTE,FRRTE,en
CROSSING,CRSSNG,en
CRSSNG,CRSSNG,en
ESTATE,ESTATE,en
ESTATES,ESTATE,en
HEATH,HEATH,en
VILLAGE,VILLGE,en
VILLGE,VILLGE,en
TOWNLINE,TLINE,en
TLINE,TLINE,en
CONCESSION,CONC,en
CONC,CONC,en
ISLAND,ISLAND,en
EXTENSION,EXTEN,en
EXTEN,EXTEN,en
CIRCUIT,CIRCT,en
CIRCT,CIRCT,en
PARADE,PARADE,en
MALL,MALL,en
GLEN,GLEN,en
CHASE,CHASE,en
PASSAGE,PSSGE,en
PSSGE,PSSGE,en
PATHWAY,PTWAY,en
PTWAY,PTWAY,en
VISTA,VISTA,en
DRIVEWAY,DRVWAY,en
DRVWAY,DRVWAY,en
HOLLOW,HOLLOW,en
LANEWAY,LANEWY,en
LANEWY,LANEWY,en
PLAZA,PLAZA,en
MOUNT,MOUNT,en
PROMENADE,PRMNDE,en
PRMNDE,PRMNDE,en
SUBDIVISION,SUBDIV,en
SUBDIV,SUBDIV,en
MEADOW,MEADOW,en
WHARF,WHARF,en
ACRES,ACRES,en
WOODS,WOODS,en
PASS,PASS,en
WOOD,WOOD,en
BYPASS,BYPASS,en
GREENWAY,GRNWAY,en
GRNWAY,GRNWAY,en
CAPE,CAPE,en
ALLEY,ALLEY,en
CREST,CREST,en
CROSS,CROSS,en
CENTRE,CTR,en
CENTER,CTR,en
CTR,CTR,en
END,END,en
KEY,KEY,en
DIVERSION,DIVERS,en
DIVERS,DIVERS,en
LOOKOUT,LKOUT,en
LKOUT,LKOUT,en
TURN,TURN,en
FSR,FSR,en
HIGHLANDS,HGHLDS,en
HGHLDS,HGHLDS,en
DOWNS,DOWNS,en
BEACH,BEACH,en
HARBOUR,HARBR,en
HARBOR,HARBR,en
HARBR,HARBR,en
CONNECTOR,CNNCTR,en
CNNCTR,CNNCTR,en
CORNERS,CRNRS,en
CRNRS,CRNRS,en
WALKWAY,WLKWAY,en
WLKWAY,WLKWAY,en
REACH,REACH,en
STROLL,STROLL,en
CROSSROADS,CRSSRD,en
CRSSRD,CRSSRD,en
GLADE,GLADE,en
ROADWAY,RDWAY,en
RDWAY,RDWAY,en
GARDEN,GARDEN,en
ACCESS,ACCESS,en
DELL,DELL,en
BLUFF,BLUFF,en
GATEWAY,GTEWAY,en
GTEWAY,GTEWAY,en
VALE,VALE,en
MAZE,MAZE,en
FOREST,FOREST,en
TURNABOUT,TRNABT,en
TRNABT,TRNABT,en
KEEP,KEEP,en
KNOLL,KNOLL,en
FRONT,FRONT,en
HAVEN,HAVEN,en
CDS,CDS,en
DRUNG,DRUNG,en
DALE,DALE,en
FIELD,FIELD,en
TRACE,TRACE,en
CROFT,CROFT,en
STRIP,STRIP,en
PEAK,PEAK,en
INLET,INLET,en
TURNAROUND,TRNRND,en
TRNRND,TRNRND,en
TURNPIKE,TRNPKE,en
TRNPKE,TRNPKE,en
PORT,PORT,en
ORCHARD,ORCH,en
ORCH,ORCH,en
BROOK,BROOK,en
FREEWAY,FWY,en
FWY,FWY,en
LAWN,LAWN,en
ABBEY,ABBEY,en
GROUNDS,GRNDS,en
GRNDS,GRNDS,en
EXIT,EXIT,en
CORNER,CORNER,en
LIMITS,LMTS,en
LMTS,LMTS,en
BYWAY,BYWAY,en
MOUNTAIN,MTN,en
MTN,MTN,en
EXPRESSWAY,EXPY,en
EXPY,EXPY,en
RIGHTOFWAY,RTOFWY,en
RTOFWY,RTOFWY,en
RUE,RUE,fr
R,RUE,fr
AVENUE,AV,fr
AVE,AV,fr
AV,AV,fr
BOULEVARD,BOUL,fr
BOUL,BOUL,fr
BD,BOUL,fr
BOUL.,BOUL,fr
BLVD,BOUL,fr
CHEMIN,CH,fr
CHEM,CH,fr
CH,CH,fr
ROUTE,ROUTE,fr
RANG,RANG,fr
RG,RANG,fr
PLACE,PLACE,fr
PL,PLACE,fr
MONTEE,MONTÉE,fr
MONTÉE,MONTÉE,fr
CROISSANT,CROIS,fr
CROIS,CROIS,fr
TERRASSE,TSSE,fr
TSSE,TSSE,fr
COTE,CÔTE,fr
CÔTE,CÔTE,fr
CARRE,CAR,fr
CARRÉ,CAR,fr
CAR,CAR,fr
IMPASSE,IMP,fr
IMP,IMP,fr
ALLEE,ALLÉE,fr
ALLÉE,ALLÉE,fr
SENTIER,SENT,fr
SENT,SENT,fr
CERCLE,CERCLE,fr
COUR,COUR,fr
COURS,COURS,fr
AUTOROUTE,AUT,fr
AUT,AUT,fr
RUELLE,RLE,fr
RLE,RLE,fr
DESSERTE,DESSTE,fr
DESSTE,DESSTE,fr
VOIE,VOIE,fr
QUAI,QUAI,fr
ILE,ÎLE,fr
ÎLE,ÎLE,fr
POINTE,POINTE,fr
BAIE,BAIE,fr
PROMENADE,PROM,fr
PROM,PROM,fr
PLATEAU,PLAT,fr
PLAT,PLAT,fr
TRAITCARRE,TRTCRR,fr
TRTCRR,TRTCRR,fr
ESPLANADE,ESPL,fr
ESPL,ESPL,fr
PASSAGE,PASSGE,fr
PASSGE,PASSGE,fr
CONCESSION,CONC,fr
PARC,PK,fr
